,train_loss_unit_degree,train_ori_loss_unit_std,test_loss,test_ori_loss
0,0.5561552555723601,0.9014010366986277,0.5594061785622053,0.9067359474030235
1,0.570016082213229,0.9238963135346236,0.5613829909168675,0.9107587715046854
2,0.5561552555723601,0.9014010366986277,0.5594061785622053,0.9067359474030235
