,train_loss_unit_degree,train_ori_loss_unit_std,test_loss,test_ori_loss
0,0.4537671312399421,0.841811896191484,0.4549047077456298,0.8436380410543228
1,0.45760979250617484,0.8500546844209192,0.4650409332542421,0.8635819066913073
2,0.4537671312399421,0.841811896191484,0.4549047077456298,0.8436380410543228
