,train_loss_unit_degree,train_ori_loss_unit_std,test_loss,test_ori_loss
0,0.412751964587209,0.7628940207570709,0.40707585606258,0.7512159636552249
1,0.458515908182526,0.8512116445654352,0.4634993773087102,0.8613482531747821
2,0.4467151552139687,0.8305102476732134,0.4419736736794112,0.8213435596698757
3,0.4355515924349434,0.8068200607601933,0.4261298494463561,0.7893443252445784
4,0.4192174336113059,0.7753643546222655,0.4160259108499966,0.7697351285050275
5,0.412751964587209,0.7628940207570709,0.40707585606258,0.7512159636552249
